price,num_bedroom,num_bathroom,garage_capacity,land_area,building_area
850000000.0,3,2,2,100,65
805000000.0,2,1,1,120,45
2800000000.0,4,3,2,384,250
6000000000.0,6,4,1,593,440
875000000.0,3,2,1,100,60
19500000000.0,8,7,3,1118,800
600000000.0,2,1,1,60,48
1130000000.0,2,1,1,84,56
1310000000.0,3,2,1,70,70
680000000.0,2,1,1,81,55
675000000.0,3,2,1,60,45
1500000000.0,2,1,1,160,112
1250000000.0,3,2,1,105,93
2700000000.0,5,2,2,335,200
577000000.0,2,1,0,84,45
827000000.0,2,1,1,100,55
925000000.0,2,1,1,70,60
4250000000.0,3,2,0,240,240
1800000000.0,3,2,1,135,77
2700000000.0,3,3,0,200,150
999000000.0,2,2,1,98,80
5400000000.0,4,2,1,265,180
1900000000.0,3,2,1,177,100
3750000000.0,5,2,1,364,200
4430000000.0,1,1,0,302,120
850000000.0,3,1,1,100,60
2100000000.0,3,2,1,200,120
10000000000.0,5,5,4,912,900
7850000000.0,4,3,2,450,350
625000000.0,2,1,1,83,48
800000000.0,3,2,1,75,63
800000000.0,3,1,1,75,45
2750000000.0,3,2,0,220,151
1300000000.0,2,2,0,90,70
4250000000.0,4,3,0,250,250
6500000000.0,5,5,0,240,180
8000000000.0,5,4,0,600,500
999000000.0,3,2,0,120,120
950000000.0,3,2,2,105,88
751000000.0,6,3,0,3490,3490
481000000.0,3,2,0,89,80
5100000000.0,4,3,2,240,231
325000000.0,2,1,0,56,56
1170000000.0,3,2,1,78,60
505000000.0,2,1,1,60,36
1060000000.0,2,2,1,60,57
1700000000.0,3,2,1,160,120
1290000000.0,3,2,1,105,89
580000000.0,2,1,1,72,48
575000000.0,3,1,1,123,54
5500000000.0,3,2,1,240,177
2800000000.0,3,2,1,444,200
600000000.0,2,1,1,65,50
46000000000.0,4,3,5,1000,200
750000000.0,2,1,1,100,50
1900000000.0,3,2,1,180,150
6500000000.0,1,1,0,709,709
650000000.0,3,1,0,120,100
650000000.0,3,1,1,120,100
600000000.0,2,2,1,60,30
3000000000.0,4,3,2,150,143
825000000.0,2,1,1,72,72
900000000.0,2,1,1,72,39
1400000000.0,2,2,1,60,58
1400000000.0,2,1,1,60,45
5200000000.0,5,3,3,266,225
7000000000.0,4,3,1,300,250
41500000000.0,4,4,2,1188,1188
2450000000.0,3,2,0,180,150
12000000000.0,4,4,0,660,524
1200000000.0,2,2,1,55,50
800000000.0,2,2,1,60,56
800000000.0,2,2,1,60,53
4099999999.0,4,3,2,240,200
400000000.0,2,1,0,71,40
1500000000.0,4,2,1,200,170
575000000.0,2,2,1,46,37
6000000000.0,4,3,1,427,350
1800000000.0,3,2,2,190,160
1550000000.0,3,2,2,90,77
15000000000.0,4,4,0,432,400
11500000000.0,4,3,2,412,300
2049999999.0,3,2,1,162,162
960000000.0,2,1,1,60,45
1070000000.0,3,2,1,105,88
1600000000.0,3,2,0,168,150
1250000000.0,2,1,1,84,56
2100000000.0,3,2,1,200,130
12000000000.0,4,3,1,540,500
2500000000.0,5,5,0,382,218
2000000000.0,3,2,0,247,175
6000000000.0,7,3,2,510,300
865000000.0,2,2,0,116,105
3500000000.0,3,3,0,162,141
4500000000.0,5,3,0,360,300
4000000000.0,3,2,1,220,200
1700000000.0,2,1,1,140,90
750000000.0,3,2,1,72,45
435000000.0,2,1,1,40,30
1150000000.0,3,2,1,65,65
14400000000.0,3,2,6,428,400
1100000000.0,2,2,1,72,65
800000000.0,2,1,1,120,69
1400000000.0,3,2,1,390,256
1300000000.0,2,2,0,90,76
1700000000.0,3,2,0,114,105
2100000000.0,3,2,2,175,150
3790000000.0,1,1,0,325,120
4120000000.0,1,1,0,198,120
349000000.0,2,1,0,152,152
3540000000.0,1,1,0,389,120
4430000000.0,1,1,0,755,200
7650000000.0,4,4,2,300,300
2400000000.0,5,3,1,252,230
1900000000.0,3,2,0,153,153
9500000000.0,6,6,5,466,440
4800000000.0,3,2,2,300,250
5500000000.0,4,3,1,300,250
19800000000.0,6,5,2,1120,800
7200000000.0,5,4,2,300,300
5800000000.0,4,4,2,240,170
2750000000.0,3,1,1,200,165
1750000000.0,3,3,1,200,145
3300000000.0,4,2,1,180,120
1880000000.0,3,2,1,175,120
4500000000.0,3,2,1,200,200
2400000000.0,4,2,1,168,145
1650000000.0,3,2,1,135,100
3250000000.0,4,3,2,135,135
4500000000.0,3,3,1,200,200
1800000000.0,4,2,1,180,170
3500000000.0,4,3,1,140,140
1500000000.0,2,1,1,112,70
7500000000.0,2,2,0,670,500
4250000000.0,4,4,1,240,200
5750000000.0,3,2,2,300,200
2049999999.0,4,2,1,222,200
3400000000.0,1,1,0,530,120
634000000.0,1,1,0,143,120
2089999999.0,3,2,1,183,183
3750000000.0,4,2,1,364,200
3000000000.0,3,3,0,198,145
1400000000.0,3,2,1,135,135
68000000000.0,5,3,16,1360,879
2880000000.0,7,3,1,960,750
3150000000.0,3,3,2,191,170
40000000000.0,7,6,4,1000,1000
95000000.0,2,1,1,70,50
3800000000.0,4,3,0,240,200
4700000000.0,3,3,0,200,200
13500000000.0,5,4,2,624,492
600000000.0,2,1,1,54,40
4450000000.0,4,3,0,397,162
1350000000.0,3,2,1,120,104
1300000000.0,3,2,2,120,105
1280000000.0,3,3,2,121,110
7000000000.0,3,2,1,375,300
5000000000.0,4,2,0,300,300
1990000000.0,3,2,0,150,97
1300000000.0,3,2,0,135,120
1470000000.0,3,2,1,105,89
485000000.0,2,1,0,107,100
1220000000.0,2,2,0,72,70
838000000.0,2,1,1,72,42
765000000.0,3,2,0,90,72
2800000000.0,3,2,1,270,250
665000000.0,2,1,1,91,50
600000000.0,2,1,1,53,40
675000000.0,3,2,2,100,65
1100000000.0,3,2,0,61,50
795000000.0,3,2,0,65,50
2620000000.0,2,2,1,239,180
2150000000.0,2,2,2,218,180
3300000000.0,3,3,1,240,138
1750000000.0,3,2,2,200,125
28000000000.0,7,7,12,1200,900
795000000.0,3,2,1,65,60
1150000000.0,3,2,1,100,95
1900000000.0,3,2,1,135,105
590000000.0,2,1,1,72,42
550000000.0,2,1,1,50,30
3100000000.0,4,3,0,200,200
11500000000.0,4,2,0,392,280
25000000000.0,2,2,0,840,300
32000000000.0,3,3,0,935,650
33000000000.0,4,2,0,738,423
59000000000.0,3,3,0,1401,331
40000000000.0,4,3,0,1500,900
11700000000.0,8,5,0,470,299
10000000000.0,3,2,0,360,200
69000000000.0,3,3,0,1401,331
35000000000.0,5,3,0,812,573
25000000000.0,4,3,0,790,600
11500000000.0,4,2,0,556,480
55000000000.0,6,2,0,830,322
5500000000.0,4,3,2,332,298
39000000000.0,8,4,5,1120,550
15000000000.0,5,5,2,430,425
298000000.0,2,2,1,24,24
498000000.0,2,1,0,50,50
298000000.0,2,1,1,25,25
994000000.0,3,2,1,60,60
350000000.0,2,1,1,60,36
5500000000.0,2,1,6,675,300
5600000000.0,3,2,12,487,300
1600000000.0,2,2,1,84,80
635000000.0,2,1,1,72,40
650000000.0,2,1,1,90,50
1000000000.0,3,2,1,138,138
900000000.0,3,2,1,60,50
995000000.0,2,1,0,120,60
885000000.0,2,1,0,105,80
1850000000.0,2,2,0,206,200
5200000000.0,4,2,3,540,320
5000000000.0,3,3,0,264,200
1900000000.0,4,2,0,171,128
6410000000.0,4,3,2,375,300
5600000000.0,3,2,2,300,230
4500000000.0,4,6,0,440,325
750000000.0,2,1,1,56,45
1670000000.0,3,2,2,190,120
825000000.0,2,1,0,72,46
995000000.0,2,1,1,105,90
12500000000.0,6,6,2,416,393
4500000000.0,3,2,2,440,240
2100000000.0,8,3,2,200,150
2000000000.0,2,1,1,120,120
1000000000.0,1,2,1,60,60
525000000.0,2,1,1,120,45
999000000.0,2,1,1,135,54
1290000000.0,2,1,0,90,50
3100000000.0,4,3,1,304,200
850000000.0,2,2,1,111,111
3100000000.0,4,2,0,183,176
1650000000.0,4,2,0,96,96
2300000000.0,5,3,0,200,200
759000000.0,2,1,1,73,73
32100000000.0,3,3,2,1286,900
18000000000.0,3,2,0,600,370
10000000000.0,4,4,1,570,480
12000000000.0,5,3,2,673,600
5600000000.0,1,1,1,370,260
2800000000.0,3,3,1,200,200
95000000000.0,6,5,2,2042,1800
25000000000.0,6,4,3,1000,700
4500000000.0,7,4,2,430,350
5500000000.0,5,3,4,1370,1300
1150000000.0,2,1,1,102,49
1980000000.0,2,2,1,90,88
1650000000.0,1,1,1,191,160
1500000000.0,3,2,1,153,100
11500000000.0,4,2,1,556,480
700000000.0,2,1,1,107,42
36000000000.0,8,5,3,600,550
1900000000.0,2,2,1,180,180
12500000000.0,10,5,4,600,600
2400000000.0,3,2,1,180,100
9000000000.0,5,5,2,517,517
2049999999.0,3,2,1,222,200
31000000000.0,4,4,3,1410,560
3400000000.0,3,1,1,240,160
2300000000.0,4,1,1,231,150
1050000000.0,2,1,1,96,90
2650000000.0,5,3,1,325,325
15900000000.0,4,3,2,540,414
3900000000.0,4,3,1,253,180
4500000000.0,4,3,2,300,284
3200000000.0,4,3,1,384,250
1650000000.0,3,2,1,153,100
595000000.0,2,1,1,90,60
25000000000.0,6,5,4,1000,600
4300000000.0,3,3,1,203,200
1500000000.0,4,2,1,120,120
2700000000.0,3,2,2,310,200
2800000000.0,4,3,0,285,285
3500000000.0,4,2,2,395,135
11000000000.0,4,3,2,795,590
11000000000.0,6,7,4,1000,1000
19000000000.0,6,4,4,792,756
12800000000.0,3,2,2,777,400
7000000000.0,4,2,2,525,400
9000000000.0,7,3,4,400,400
6000000000.0,1,4,0,612,450
2500000000.0,3,3,1,114,72
9000000000.0,4,3,0,390,300
12000000000.0,10,8,4,900,600
1400000000.0,3,1,1,150,100
10500000000.0,8,6,2,858,780
1100000000.0,1,2,1,72,60
3300000000.0,5,4,0,325,300
2200000000.0,3,2,1,200,150
12500000000.0,3,2,2,530,250
1500000000.0,3,1,1,135,72
2700000000.0,5,2,2,240,240
2650000000.0,4,2,1,225,175
12000000000.0,3,2,3,900,500
1900000000.0,3,2,1,180,165
3200000000.0,3,2,2,188,188
985000000.0,3,2,1,117,100
7000000000.0,5,5,2,611,600
2700000000.0,3,2,1,323,250
1600000000.0,8,3,1,190,190
1350000000.0,4,3,0,184,184
790000000.0,2,1,0,72,46
1750000000.0,3,2,0,200,145
790000000.0,2,1,1,72,46
2300000000.0,3,2,0,325,172
872000000.0,2,2,1,72,50
7500000000.0,4,4,0,300,300
780000000.0,3,1,2,100,65
500000000.0,2,1,1,50,36
590000000.0,2,1,1,50,40
585000000.0,2,1,1,50,36
785000000.0,3,2,1,100,60
900000000.0,3,3,2,85,70
6500000000.0,4,2,0,420,300
24500000000.0,5,7,0,1050,968
10000000000.0,7,5,0,664,400
7000000000.0,4,4,2,449,400
13000000000.0,3,3,0,375,350
8000000000.0,3,3,0,345,264
575000000.0,2,1,1,105,70
600000000.0,2,1,1,60,42
650000000.0,3,2,2,72,60
685000000.0,3,1,1,100,55
1450000000.0,3,2,2,105,90
5600000000.0,3,2,3,300,230
430000000.0,3,1,1,90,90
1120000000.0,3,2,0,190,190
6900000000.0,3,3,2,342,340
3960000000.0,1,1,0,852,516
1000000000.0,3,2,0,120,80
2500000000.0,3,2,2,470,300
12000000000.0,5,4,0,340,300
700000000.0,2,2,1,78,60
2700000000.0,4,2,1,209,131
7990000000.0,4,2,2,443,250
750000000.0,3,1,1,99,90
3970000000.0,3,2,2,417,260
3500000000.0,3,2,2,240,220
3800000000.0,4,2,1,300,275
3850000000.0,4,2,1,300,290
2500000000.0,2,2,2,135,100
2300000000.0,3,2,0,210,120
2000000000.0,3,2,0,160,96
1750000000.0,4,2,0,200,145
3000000000.0,7,3,0,325,319
1350000000.0,2,2,0,90,76
2650000000.0,3,2,1,152,132
2100000000.0,2,1,1,175,100
1000000000.0,2,1,0,96,70
2250000000.0,3,2,1,180,130
850000000.0,2,1,1,86,86
1700000000.0,4,3,0,180,180
1150000000.0,3,1,2,189,90
367000000.0,2,1,1,60,34
675000000.0,2,2,2,72,45
735000000.0,3,2,1,64,55
1450000000.0,2,1,0,96,75
580000000.0,2,1,0,72,45
850000000.0,2,1,2,110,80
725000000.0,2,1,1,90,55
1800000000.0,3,2,2,200,150
2300000000.0,4,3,2,207,150
1700000000.0,2,2,1,282,150
2200000000.0,3,2,2,194,125
1100000000.0,2,1,1,96,66
950000000.0,2,2,1,78,60
750000000.0,2,1,0,100,90
785000000.0,3,1,1,75,56
2200000000.0,2,2,1,200,150
1100000000.0,3,1,1,84,73
900000000.0,4,3,1,96,95
2750000000.0,5,3,0,318,200
2850000000.0,5,6,1,180,180
1400000000.0,3,1,0,128,128
2500000000.0,3,2,0,150,130
2700000000.0,3,2,1,258,135
1350000000.0,3,2,1,190,190
1300000000.0,3,2,0,72,72
5600000000.0,3,2,0,300,230
700000000.0,3,1,1,75,55
500000000.0,2,1,1,58,42
1000000000.0,2,2,1,50,36
2800000000.0,3,2,1,270,200
5500000000.0,3,2,6,390,250
15000000000.0,7,4,2,600,450
1200000000.0,3,1,1,78,65
105000000000.0,5,6,0,2000,1500
14000000000.0,4,4,0,565,374
15000000000.0,6,3,0,1250,1100
20000000000.0,5,3,0,600,350
20500000000.0,7,6,0,800,1
2300000000.0,4,2,0,325,172
2300000000.0,3,2,0,135,95
14000000000.0,6,3,0,332,263
43500000000.0,5,6,2,900,850
900000000.0,2,1,0,120,90
1050000000.0,3,2,1,87,87
1450000000.0,2,1,1,140,130
10000000000.0,5,3,1,680,300
3120000000.0,3,2,1,390,250
2750000000.0,3,2,1,200,200
3500000000.0,3,3,1,340,250
1270000000.0,2,1,1,135,135
2850000000.0,3,2,1,150,120
822000000.0,2,1,1,141,90
7880000000.0,4,2,2,375,360
2590000000.0,2,1,1,300,200
1400000000.0,3,2,0,65,65
957000000.0,3,2,1,96,96
1350000000.0,2,1,0,488,300
2470000000.0,3,2,1,275,180
595000000.0,2,1,0,90,60
800000000.0,2,1,0,72,72
761000000.0,1,1,0,120,100
1950000000.0,2,1,0,162,90
862000000.0,2,1,0,104,60
4290000000.0,2,1,0,564,300
1820000000.0,2,1,0,360,240
2950000000.0,2,1,0,225,152
1150000000.0,2,1,0,72,60
319000000.0,2,1,0,90,60
360000000.0,2,1,0,102,54
18700000000.0,2,1,0,544,320
5890000000.0,2,1,0,747,100
432000000.0,2,1,0,95,60
785000000.0,2,1,0,91,45
752000000.0,2,1,0,126,70
856000000.0,2,1,0,141,90
8199999999.0,3,2,0,375,360
2570000000.0,2,1,0,275,180
9220000000.0,2,1,0,985,300
2700000000.0,2,2,0,300,250
1440000000.0,2,1,0,200,100
5330000000.0,2,1,0,819,300
575000000.0,2,1,0,121,60
649000000.0,2,1,0,180,100
4740000000.0,2,1,0,375,276
813000000.0,2,1,0,72,36
3000000000.0,3,2,0,77,77
2000000000.0,6,6,0,190,150
1200000000.0,2,1,0,105,60
22000000000.0,7,3,5,881,475
13500000000.0,5,3,0,624,492
16899999999.0,4,2,0,675,500
15900000000.0,5,3,1,437,350
8350000000.0,4,3,2,450,450
3100000000.0,4,2,0,205,200
52000000000.0,3,3,4,797,260
22000000000.0,5,3,0,744,500
18000000000.0,5,1,0,424,300
4700000000.0,3,3,1,200,200
18400000000.0,6,6,4,1016,1000
1200000000.0,3,2,0,120,100
1400000000.0,2,1,0,155,100
2350000000.0,3,2,0,150,130
2100000000.0,4,3,0,200,160
4500000000.0,1,1,0,343,264
795000000.0,3,2,1,75,65
6950000000.0,4,3,0,598,350
1190000000.0,2,2,0,90,70
15000000000.0,4,4,0,620,600
600000000.0,2,1,1,52,40
4750000000.0,3,2,6,198,125
1100000000.0,2,2,1,74,72
3300000000.0,3,3,0,340,340
4500000000.0,3,2,1,545,298
11500000000.0,5,5,1,462,446
85000000000.0,6,1,2,1000,600
25000000000.0,5,5,2,900,900
1400000000.0,3,2,2,105,81
960000000.0,3,2,1,75,60
297000000.0,1,1,1,60,25
555000000.0,2,1,1,90,42
390000000.0,2,1,1,40,24
309000000.0,2,1,1,60,27
4430000000.0,1,1,0,755,120
3500000000.0,3,2,2,433,155
725000000.0,2,1,1,72,72
1200000000.0,2,2,1,96,84
1950000000.0,3,1,1,233,143
1550000000.0,3,1,1,144,144
2100000000.0,3,1,1,200,150
18500000000.0,6,6,4,1016,1000
2700000000.0,2,2,1,300,250
25000000000.0,3,2,2,530,250
1450000000.0,3,2,0,160,157
330000000.0,2,1,0,25,25
306000000.0,2,1,0,26,26
504000000.0,2,1,1,59,59
2850000000.0,3,2,1,242,150
990000000.0,3,2,1,120,100
3000000000.0,4,4,0,160,155
875000000.0,2,1,1,100,60
700000000.0,3,1,1,100,60
500000000.0,2,1,1,131,120
6000000000.0,4,3,3,586,580
1550000000.0,3,1,2,109,65
2300000000.0,4,2,2,250,200
4000000000.0,6,3,1,400,207
10000000000.0,4,3,2,580,250
6900000000.0,6,3,1,388,388
2470000000.0,1,1,0,239,120
3260000000.0,1,1,0,490,253
314000000.0,1,1,0,136,120
38000000000.0,6,5,6,1000,765
3500000000.0,3,2,0,219,118
950000000.0,2,1,2,95,70
14500000000.0,4,3,3,805,300
40000000000.0,10,5,0,2671,1500
2000000000.0,4,4,0,2331,300
3500000000.0,8,2,2,268,200
3500000000.0,3,2,0,353,260
3000000000.0,4,4,2,191,191
2450000000.0,4,3,1,210,180
2000000000.0,3,2,1,300,190
3100000000.0,4,3,2,180,150
1380000000.0,3,1,2,112,75
620000000.0,2,2,2,97,52
2000000000.0,2,2,2,102,80
1400000000.0,3,2,0,390,256
1700000000.0,2,1,0,180,116
1250000000.0,2,2,1,84,56
23500000000.0,7,5,0,600,525
1150000000.0,3,2,0,220,150
750000000.0,2,2,1,100,70
1650000000.0,3,2,1,100,90
1200000000.0,3,2,2,102,85
750000000.0,3,1,2,100,60
10000000000.0,4,5,1,375,350
2800000000.0,5,2,1,248,180
2250000000.0,4,2,1,250,180
890000000.0,2,2,0,108,70
3750000000.0,5,2,1,210,197
2300000000.0,4,2,2,303,250
12700000000.0,6,4,0,466,400
2800000000.0,3,2,0,262,200
59000000000.0,4,3,0,1400,500
9500000000.0,6,6,0,341,200
1400000000.0,3,3,0,136,100
6250000000.0,4,3,2,450,200
1350000000.0,3,2,0,135,100
650000000.0,2,1,0,78,50
1990000000.0,2,2,1,135,100
2500000000.0,4,4,0,187,152
4000000000.0,4,3,1,324,275
2990000000.0,4,3,0,408,311
3500000000.0,3,3,0,300,175
2700000000.0,4,2,0,168,120
2200000000.0,2,1,1,160,100
3900000000.0,4,3,0,300,300
2900000000.0,4,3,0,240,200
12000000000.0,9,3,0,598,230
2500000000.0,4,3,0,200,150
2700000000.0,6,3,1,240,240
1750000000.0,4,3,0,180,180
850000000.0,3,1,0,105,69
6700000000.0,5,5,0,395,290
1600000000.0,3,2,0,200,120
4900000000.0,3,2,0,360,200
35000000000.0,2,30,0,1400,800
9500000000.0,6,4,0,781,300
6500000000.0,3,2,0,500,300
42500000000.0,4,7,2,900,850
36000000000.0,5,4,2,778,600
4700000000.0,5,6,0,343,260
2600000000.0,4,3,2,300,274
3000000000.0,4,3,4,250,250
4500000000.0,5,2,2,350,300
3200000000.0,3,2,2,300,250
430000000.0,2,1,1,44,26
5500000000.0,14,4,4,813,500
3650000000.0,3,3,0,153,153
6600000000.0,5,4,0,291,291
1550000000.0,3,2,0,100,100
1300000000.0,2,2,1,72,71
3200000000.0,3,2,0,120,120
900000000.0,3,1,1,100,65
1700000000.0,4,3,0,150,150
3300000000.0,3,2,0,275,200
1500000000.0,3,1,0,96,70
25000000000.0,3,2,2,530,200
999000000.0,2,1,1,60,50
687000000.0,2,1,1,50,30
1720000000.0,4,2,0,242,130
14500000000.0,3,4,0,560,400
11000000000.0,7,4,0,559,559
500000000.0,2,1,1,60,30
4670000000.0,3,2,1,302,250
2450000000.0,3,3,1,253,240
2800000000.0,5,3,1,391,305
1070000000.0,3,2,1,175,150
1750000000.0,4,2,2,150,125
1350000000.0,2,1,1,90,75
1300000000.0,3,1,1,105,100
8000000000.0,3,2,0,400,300
1100000000.0,2,1,0,98,66
1950000000.0,3,2,2,150,97
1900000000.0,3,2,1,120,100
1190000000.0,3,1,2,90,50
1350000000.0,2,1,1,120,90
2400000000.0,3,2,2,160,122
1800000000.0,3,2,1,135,120
1300000000.0,2,1,1,102,90
590000000.0,2,1,0,70,40
5250000000.0,4,2,1,300,270
1390000000.0,3,1,1,144,100
450000000.0,2,1,1,66,60
1840000000.0,1,1,0,136,120
28000000000.0,3,3,2,604,604
700000000.0,2,1,1,72,50
16500000000.0,5,3,2,756,564
11000000000.0,5,5,2,625,400
4390000000.0,4,3,1,322,306
825000000.0,2,1,1,72,46
9900000000.0,4,3,0,600,400
6800000000.0,5,3,2,450,450
35000000000.0,2,2,4,632,400
2100000000.0,2,1,2,216,150
6690000000.0,2,2,1,345,300
2500000000.0,2,2,1,146,120
2200000000.0,3,1,1,200,200
16500000000.0,4,4,0,621,372
2400000000.0,1,1,0,166,166
25000000000.0,8,7,3,1200,900
1000000000.0,3,2,0,138,138
6500000000.0,4,2,0,462,312
925000000.0,2,1,0,70,60
750000000.0,2,2,0,100,70
550000000.0,2,1,0,35,35
1500000000.0,2,1,0,160,112
11500000000.0,4,3,0,412,412
1800000000.0,3,3,0,119,119
1500000000.0,3,1,0,126,90
2000000000.0,3,2,0,102,102
835000000.0,3,1,1,90,57
995000000.0,2,1,0,105,90
2750000000.0,4,3,0,240,150
895000000.0,2,1,1,84,60
800000000.0,2,1,1,84,70
550000000.0,2,1,1,90,90
27000000000.0,7,7,1,1200,900
550000000.0,2,2,1,60,45
3900000000.0,4,3,0,135,100
4300000000.0,3,3,2,203,200
7900000000.0,2,3,5,450,450
2850000000.0,3,2,2,242,150
585000000.0,2,1,1,60,60
567000000.0,2,1,1,90,60
3300000000.0,5,4,2,325,300
10000000000.0,21,8,2,509,392
2100000000.0,3,3,0,150,91
2600000000.0,3,2,2,180,150
595000000.0,2,1,1,60,60
500000000.0,2,1,1,50,30
1130000000.0,3,2,1,120,114
25000000000.0,6,4,3,1000,600
1850000000.0,6,3,2,243,140
1100000000.0,2,1,1,78,78
3000000000.0,3,4,2,144,140
2000000000.0,2,1,2,120,120
550000000.0,2,1,0,82,53
750000000.0,2,1,1,81,45
5000000000.0,3,2,2,300,250
68000000000.0,5,4,6,1360,879
4500000000.0,6,3,3,360,360
2400000000.0,4,2,2,198,150
3800000000.0,1,1,1,384,100
1900000000.0,2,2,1,180,150
5750000000.0,2,2,1,375,280
15000000000.0,8,6,0,1750,1000
11000000000.0,4,3,2,580,250
1900000000.0,2,1,1,200,150
2900000000.0,2,1,1,360,189
600000000.0,3,1,1,98,80
1100000000.0,2,1,1,84,54
550000000.0,2,1,1,60,50
488000000.0,2,1,0,72,42
4300000000.0,4,1,0,420,258
3600000000.0,8,7,0,290,180
1800000000.0,5,3,0,200,200
1500000000.0,3,2,0,84,84
990000000.0,2,1,0,123,48
2500000000.0,3,2,0,225,179
2100000000.0,3,2,0,200,180
1750000000.0,3,2,0,114,105
2200000000.0,3,2,1,153,150
1700000000.0,3,1,1,114,95
28000000000.0,6,4,4,800,800
1100000000.0,2,1,0,96,81
2800000000.0,3,2,1,200,150
658000000.0,2,1,1,50,50
4500000000.0,7,4,0,500,400
3800000000.0,3,2,0,198,168
4500000000.0,4,2,0,320,250
7000000000.0,4,4,2,392,248
2400000000.0,3,2,2,150,125
3950000000.0,4,2,1,330,250
795000000.0,3,2,1,65,50
2700000000.0,3,2,1,280,180
3200000000.0,2,1,1,252,150
7500000000.0,4,3,2,450,360
2500000000.0,4,2,1,200,200
3000000000.0,3,1,0,198,145
2800000000.0,7,5,2,176,176
7500000000.0,5,3,1,525,400
2200000000.0,4,2,1,165,105
2750000000.0,3,2,1,200,165
2000000000.0,4,2,2,200,106
460000000.0,3,2,2,75,71
600000000.0,2,1,2,90,42
3500000000.0,4,3,1,300,250
4300000000.0,4,3,0,235,200
600000000.0,2,1,0,54,40
1500000000.0,3,3,0,90,70
3000000000.0,4,2,0,300,250
5500000000.0,4,3,0,535,250
525000000.0,2,1,0,50,34
1000000000.0,2,2,0,81,78
2400000000.0,6,2,0,240,200
17000000000.0,6,6,0,1016,1000
2700000000.0,6,6,1,200,200
7500000000.0,4,4,2,300,300
1300000000.0,3,1,0,105,80
1700000000.0,3,1,0,162,100
2000000000.0,5,3,0,210,180
656000000.0,2,1,1,50,50
748000000.0,3,3,0,60,54
1160000000.0,1,1,0,94,91
2250000000.0,13,3,1,189,189
3600000000.0,5,2,1,301,225
2500000000.0,4,3,2,206,200
858000000.0,2,2,0,60,59
950000000.0,3,2,2,153,100
2100000000.0,3,2,2,135,130
910000000.0,2,1,1,72,36
3300000000.0,3,2,2,300,200
1290000000.0,3,2,1,135,110
4250000000.0,4,3,2,240,200
2500000000.0,3,2,1,240,200
5000000000.0,4,3,2,219,214
3700000000.0,4,2,1,315,235
585000000.0,2,2,1,60,60
1450000000.0,2,2,1,72,71
2850000000.0,3,3,1,238,174
5000000000.0,1,2,4,368,300
2400000000.0,3,3,2,116,115
3900000000.0,4,4,3,440,381
3200000000.0,4,3,2,284,250
780000000.0,2,1,1,50,30
600000000.0,2,1,1,72,38
8000000000.0,7,4,0,518,350
1200000000.0,1,1,0,352,0
2750000000.0,3,2,1,240,150
1300000000.0,3,2,1,128,100
2500000000.0,5,4,0,162,139
1250000000.0,2,1,1,96,59
6250000000.0,3,2,2,322,223
1600000000.0,4,3,0,180,180
14000000000.0,24,24,0,1883,1226
7000000000.0,5,3,1,600,250
9000000000.0,5,5,0,517,517
3250000000.0,4,3,0,152,152
490000000.0,2,1,1,69,60
2850000000.0,1,1,1,300,300
650000000.0,2,1,1,72,32
748000000.0,2,1,1,50,48
3500000000.0,3,3,0,220,185
900000000.0,4,2,0,102,102
1250000000.0,2,1,1,90,90
2250000000.0,2,1,0,180,100
1200000000.0,2,2,1,90,70
2550000000.0,3,2,1,152,140
2500000000.0,3,1,0,114,100
1400000000.0,3,2,2,100,75
1650000000.0,3,2,0,120,77
1250000000.0,1,2,1,75,48
1250000000.0,2,1,0,102,102
3500000000.0,3,2,1,250,148
600000000.0,1,1,0,65,60
1300000000.0,3,2,0,118,110
5500000000.0,5,3,2,450,335
700000000.0,2,2,1,73,65
4200000000.0,5,3,1,391,270
2600000000.0,2,1,1,165,110
1800000000.0,2,1,1,88,82
4300000000.0,3,3,1,240,200
2250000000.0,2,1,1,180,100
600000000.0,1,1,1,65,60
3300000000.0,3,3,1,353,330
2300000000.0,3,2,2,210,120
3400000000.0,6,3,1,345,245
3500000000.0,3,2,1,349,260
2600000000.0,2,1,0,165,110
3300000000.0,3,3,0,353,330
2200000000.0,2,1,1,162,120
960000000.0,2,2,1,75,60
878000000.0,4,2,1,91,90
531000000.0,2,1,1,75,36
597000000.0,3,2,1,72,50
532000000.0,2,1,1,75,36
615000000.0,2,1,1,90,36
535000000.0,2,1,1,60,32
530000000.0,2,1,1,55,30
314000000.0,2,2,1,24,19
451000000.0,2,1,1,60,36
10000000000.0,3,2,2,346,300
4800000000.0,3,2,1,310,250
850000000.0,3,2,2,90,85
600000000.0,2,1,1,52,36
3100000000.0,3,1,0,210,180
3900000000.0,4,2,0,300,250
790000000.0,1,1,0,72,36
1990000000.0,2,1,1,120,120
650000000.0,2,1,1,86,62
1700000000.0,3,2,2,150,102
525000000.0,3,2,2,198,104
722000000.0,2,1,1,126,100
6000000000.0,3,3,0,265,236
899000000.0,3,2,2,100,90
14800000000.0,5,4,4,805,700
75000000000.0,5,5,8,1736,1348
13500000000.0,5,4,0,576,550
3650000000.0,3,3,2,153,153
5800000000.0,4,3,2,525,300
14500000000.0,4,5,2,805,300
4750000000.0,3,3,2,205,200
2450000000.0,4,3,2,166,166
1750000000.0,5,2,0,120,100
3100000000.0,2,1,1,300,200
1500000000.0,2,2,1,140,135
1300000000.0,3,2,1,105,90
1200000000.0,3,2,1,190,170
6800000000.0,3,2,0,377,250
1900000000.0,3,2,0,175,120
2250000000.0,2,2,1,105,96
2170000000.0,3,2,0,183,183
1800000000.0,2,2,1,200,160
5000000000.0,2,2,2,534,87
6800000000.0,6,2,2,510,350
1150000000.0,3,2,0,189,90
1500000000.0,2,1,1,120,90
2000000000.0,3,2,1,160,96
1070000000.0,2,1,0,90,65
950000000.0,2,2,0,105,90
2700000000.0,3,2,1,200,200
1320000000.0,3,2,2,116,71
2550000000.0,3,2,1,152,130
1750000000.0,3,2,2,180,150
14700000000.0,1,1,0,654,654
2400000000.0,10,7,1,445,400
1750000000.0,2,1,1,144,138
1650000000.0,4,3,1,120,105
2850000000.0,2,1,1,200,150
1500000000.0,3,2,1,109,100
2500000000.0,3,2,0,166,130
900000000.0,2,1,1,60,45
2800000000.0,3,1,1,300,144
1300000000.0,3,2,1,118,110
4000000000.0,4,3,0,384,254
8500000000.0,8,3,0,396,386
4200000000.0,5,3,0,391,270
3200000000.0,4,3,2,300,200
2700000000.0,5,3,2,300,250
3180000000.0,4,3,2,160,144
3600000000.0,3,2,2,300,170
1630000000.0,3,2,1,81,69
4300000000.0,3,3,1,240,168
3000000000.0,3,2,1,198,139
4490000000.0,3,3,1,200,200
2500000000.0,3,2,2,135,100
41000000000.0,8,3,15,1120,550
1070000000.0,2,1,1,90,65
1800000000.0,3,2,0,270,160
3500000000.0,9,8,4,325,240
750000000.0,2,3,1,120,100
650000000.0,2,1,2,104,80
950000000.0,2,1,0,120,58
1700000000.0,3,2,1,200,200
1750000000.0,3,2,0,250,210
1070000000.0,3,2,1,116,100
1120000000.0,3,2,2,203,175
1350000000.0,2,2,1,96,86
885000000.0,2,1,2,120,45
2000000000.0,3,2,1,90,80
2950000000.0,7,4,0,420,200
920000000.0,3,2,0,117,117
2600000000.0,5,3,0,225,200
20000000000.0,5,4,0,493,441
4600000000.0,3,2,1,375,275
7000000000.0,5,4,2,634,287
3600000000.0,3,1,1,420,200
1000000000.0,2,1,1,84,84
10000000000.0,4,2,2,582,250
15700000000.0,6,8,10,861,775
22000000000.0,5,5,2,1050,968
4500000000.0,3,3,1,224,200
6400000000.0,4,5,3,475,400
1320000000.0,2,2,2,72,70
20000000000.0,7,2,2,602,400
45000000000.0,5,5,2,900,825
203000000.0,1,1,0,57,30
6800000000.0,4,1,1,420,300
785000000.0,1,1,0,60,36
3180000000.0,4,2,2,160,144
1770000000.0,1,1,0,253,120
1020000000.0,2,1,0,84,84
665000000.0,2,1,0,100,90
4500000000.0,4,3,0,493,303
3250000000.0,3,2,1,312,312
1750000000.0,3,2,0,180,150
1500000000.0,4,2,0,330,300
2670000000.0,1,1,0,200,200
2600000000.0,2,2,0,960,0
500000000.0,2,1,0,96,80
2500000000.0,4,2,0,470,470
1940000000.0,1,1,0,120,120
3650000000.0,2,1,0,121,121
400000000.0,2,1,0,90,90
1730000000.0,2,1,0,102,102
1010000000.0,2,1,0,78,78
1300000000.0,2,1,0,96,90
2900000000.0,4,3,1,288,250
45000000000.0,6,7,2,3852,1800
1700000000.0,5,5,2,162,134
33600000000.0,4,2,2,3852,900
5000000000.0,4,3,1,450,276
1050000000.0,3,2,0,209,120
879000000.0,1,1,0,108,100
24300000000.0,1,1,0,930,120
650000000.0,3,2,1,72,55
1700000000.0,3,2,2,114,95
4950000000.0,4,2,1,338,236
780000000.0,2,1,1,105,77
700000000.0,2,1,1,100,50
750000000.0,3,2,1,100,60
25000000000.0,9,9,4,1000,600
525000000.0,2,1,1,72,40
1400000000.0,3,2,2,390,256
470000000.0,2,1,1,60,36
1700000000.0,1,1,0,200,200
13000000000.0,6,3,0,525,350
750000000.0,3,2,0,100,100
950000000.0,2,1,0,84,55
888000000.0,2,1,0,84,84
1190000000.0,3,3,0,90,78
1300000000.0,3,2,0,122,100
1550000000.0,7,6,0,184,150
1770000000.0,3,2,0,84,72
1100000000.0,3,2,1,150,150
1500000000.0,3,1,0,128,100
1500000000.0,3,2,0,126,68
600000000.0,2,2,0,52,50
800000000.0,2,1,1,72,60
1300000000.0,4,3,0,105,105
3600000000.0,4,3,0,200,200
4700000000.0,3,2,2,375,340
4900000000.0,2,2,0,407,200
1600000000.0,3,2,1,105,89
950000000.0,2,1,1,84,55
1000000000.0,3,1,2,137,120
2500000000.0,3,2,1,135,120
500000000.0,2,1,1,72,36
1650000000.0,3,1,0,200,130
1750000000.0,3,2,1,200,180
475000000.0,2,1,1,136,100
9500000000.0,4,3,2,600,400
910000000.0,2,2,1,72,68
758000000.0,2,1,1,60,36
875000000.0,3,2,1,90,72
560000000.0,2,1,1,72,40
599000000.0,2,1,1,72,45
1300000000.0,3,2,1,100,75
895000000.0,2,2,1,50,48
685000000.0,2,1,1,50,30
7040000000.0,4,3,1,264,200
723000000.0,2,2,1,50,48
1800000000.0,3,2,2,105,93
1700000000.0,3,3,2,90,90
11000000000.0,5,5,1,800,800
5700000000.0,5,2,1,313,300
3300000000.0,3,2,1,300,180
3000000000.0,3,2,1,180,100
380000000.0,2,1,1,72,36
1500000000.0,5,3,1,198,100
720000000.0,3,2,0,91,72
1300000000.0,2,2,2,90,48
2500000000.0,3,2,2,135,123
1100000000.0,3,3,1,72,50
1100000000.0,3,3,2,72,50
500000000.0,2,1,1,60,36
780000000.0,2,2,1,60,50
600000000.0,3,2,1,90,60
500000000.0,2,1,1,75,36
400000000.0,2,1,1,82,48
500000000.0,3,2,1,100,50
1400000000.0,3,1,0,70,60
400000000.0,2,1,0,72,36
500000000.0,2,1,0,60,36
700000000.0,3,2,0,75,70
500000000.0,2,2,0,50,50
1200000000.0,3,3,0,99,95
300000000.0,2,1,0,60,36
600000000.0,2,1,0,60,36
425000000.0,2,1,0,48,36
489000000.0,2,1,0,49,28
395000000.0,2,1,0,30,21
500000000.0,2,1,0,48,45
372000000.0,2,1,0,27,24
40000000000.0,4,4,6,800,500
1980000000.0,3,3,2,120,108
8000000000.0,5,5,3,720,550
2400000000.0,3,3,1,150,135
368000000.0,2,1,1,60,36
3500000000.0,12,11,1,200,200
9500000000.0,4,3,2,600,500
1100000000.0,5,2,0,210,170
3800000000.0,3,3,0,240,230
4000000000.0,5,2,2,284,271
3600000000.0,2,2,1,158,113
1350000000.0,2,2,0,108,100
1200000000.0,2,1,0,96,59
1300000000.0,1,2,1,60,48
1000000000.0,8,3,1,120,120
4000000000.0,4,3,0,152,152
4500000000.0,6,3,2,300,200
1400000000.0,3,3,0,101,101
2600000000.0,5,2,0,328,280
42000000000.0,8,3,13,1120,550
400000000.0,2,1,0,54,54
750000000.0,2,1,0,82,82
2900000000.0,4,3,0,191,150
42000000000.0,8,3,1,1120,550
2900000000.0,4,2,0,288,105
2800000000.0,4,2,0,209,131
800000000.0,3,2,0,147,115
2850000000.0,3,2,0,150,145
3150000000.0,3,2,0,210,210
12800000000.0,14,5,1,470,300
10500000000.0,3,2,0,450,450
6950000000.0,5,4,0,354,337
7000000000.0,4,4,0,308,308
11000000000.0,3,3,0,589,399
1200000000.0,3,2,2,105,82
85000000000.0,6,6,0,2042,1800
3400000000.0,4,4,0,370,370
670000000.0,2,1,0,80,48
795000000.0,3,2,1,75,60
2600000000.0,4,3,0,267,250
2800000000.0,3,2,1,270,270
3250000000.0,4,3,0,135,0
1570000000.0,3,1,0,144,110
895000000.0,3,2,1,85,60
6650000000.0,3,4,0,330,275
2950000000.0,4,3,0,144,144
1350000000.0,2,1,0,120,120
960000000.0,2,2,0,60,58
960000000.0,2,1,0,60,45
595000000.0,2,1,1,49,36
900000000.0,2,1,0,72,60
1450000000.0,3,2,0,157,157
1400000000.0,3,2,0,96,56
1800000000.0,3,2,0,175,120
3650000000.0,3,2,0,332,250
22000000000.0,5,7,0,1050,968
2700000000.0,3,2,0,150,120
1350000000.0,2,1,1,120,120
1800000000.0,5,2,0,200,150
15000000000.0,5,5,0,432,400
410000000.0,1,2,0,56,56
790000000.0,3,2,0,90,54
2950000000.0,4,2,0,300,250
2750000000.0,3,2,0,200,165
5790000000.0,5,3,2,360,350
8500000000.0,5,3,0,1066,560
2450000000.0,4,3,0,210,180
1950000000.0,3,2,0,200,120
900000000.0,3,2,0,100,65
3180000000.0,3,2,0,288,160
900000000.0,2,1,0,121,121
600000000.0,2,1,1,69,69
1600000000.0,2,2,1,135,85
1600000000.0,2,1,1,198,60
900000000.0,2,1,0,162,162
750000000.0,3,1,1,84,84
570000000.0,2,1,1,84,75
12000000000.0,5,5,2,430,425
400000000.0,2,1,1,69,55
4000000000.0,5,2,0,347,344
2750000000.0,4,2,0,252,190
4000000000.0,3,2,2,325,250
1900000000.0,3,3,0,234,190
11000000000.0,3,3,2,526,400
2450000000.0,4,3,2,240,135
1800000000.0,4,2,0,135,135
960000000.0,2,1,0,60,32
16500000000.0,4,2,0,610,200
1200000000.0,1,2,0,72,60
1850000000.0,4,3,0,135,135
3500000000.0,4,3,0,245,205
2900000000.0,4,5,0,290,190
1550000000.0,3,2,0,200,140
3600000000.0,2,2,0,157,113
5200000000.0,2,2,1,360,200
4000000000.0,5,3,1,344,316
900000000.0,2,1,1,90,42
1600000000.0,3,2,0,202,135
1200000000.0,2,2,1,90,76
2000000000.0,2,1,0,120,120
2350000000.0,3,3,0,160,125
11500000000.0,6,3,1,466,450
12000000000.0,5,5,1,430,425
12500000000.0,4,3,2,475,475
1990000000.0,5,2,0,198,100
950000000.0,2,1,0,84,70
2500000000.0,4,2,0,200,200
750000000.0,3,1,0,100,80
4000000000.0,5,3,0,395,395
800000000.0,2,2,0,100,45
1500000000.0,3,2,0,160,120
1700000000.0,2,1,0,119,83
4000000000.0,3,2,2,395,270
1700000000.0,2,1,0,119,108
1400000000.0,3,2,0,105,89
600000000.0,3,1,1,59,59
1700000000.0,2,1,1,119,108
5000000000.0,3,2,1,230,150
22000000000.0,3,3,1,925,450
4000000000.0,5,4,2,444,170
1400000000.0,3,2,0,78,78
1900000000.0,5,2,0,261,260
515000000.0,2,1,0,72,72
3400000000.0,5,4,0,325,300
2200000000.0,6,3,0,200,180
12000000000.0,9,3,0,760,760
7900000000.0,7,3,0,685,550
6600000000.0,11,8,0,600,332
900000000.0,2,1,0,78,78
1800000000.0,4,2,0,270,200
7200000000.0,5,4,0,375,350
875000000.0,1,1,0,72,36
1850000000.0,3,2,1,126,115
2800000000.0,6,3,0,179,179
19000000000.0,10,5,0,1118,770
2500000000.0,5,3,0,180,180
5000000000.0,3,2,0,297,150
15000000000.0,4,2,2,624,510
2300000000.0,3,2,0,225,160
2500000000.0,3,2,0,260,140
12000000000.0,5,4,0,430,400
6500000000.0,4,4,0,337,335
1700000000.0,3,1,0,154,154
30000000000.0,6,5,0,1080,1080
7000000000.0,5,4,0,634,287
3400000000.0,3,1,0,240,190
900000000.0,2,1,0,105,80
585000000.0,3,1,0,90,60
2950000000.0,4,2,0,275,275
1200000000.0,3,1,0,105,80
2500000000.0,1,1,0,200,60
1500000000.0,3,1,0,135,72
695000000.0,3,2,0,146,140
1600000000.0,3,2,0,232,150
3950000000.0,4,2,0,261,250
5500000000.0,3,2,0,390,390
2500000000.0,5,5,0,180,158
10900000000.0,4,5,2,416,393
3240000000.0,3,3,2,150,143
9000000000.0,1,1,0,348,348
950000000.0,2,1,0,100,90
13000000000.0,7,4,0,573,500
785000000.0,3,2,1,90,55
25000000000.0,4,3,1,790,600
780000000.0,2,1,0,63,50
800000000.0,2,1,0,90,0
18000000000.0,5,5,1,756,564
17500000000.0,4,6,1,525,450
43500000000.0,7,9,4,900,800
1300000000.0,5,2,0,128,100
1950000000.0,4,5,0,100,100
1900000000.0,3,2,2,162,138
1950000000.0,2,1,1,105,100
960000000.0,2,1,1,70,60
8000000000.0,3,2,0,1112,1000
2400000000.0,4,2,0,236,120
7700000000.0,4,4,0,403,378
3500000000.0,2,2,0,210,132
5000000000.0,4,3,2,300,250
3900000000.0,4,2,0,262,200
1600000000.0,3,2,1,200,120
900000000.0,2,1,2,84,84
2450000000.0,3,2,2,180,150
2350000000.0,6,2,0,180,180
1500000000.0,3,2,0,92,92
600000000.0,2,1,1,72,54
2300000000.0,3,2,0,150,150
3200000000.0,3,3,0,216,150
18000000000.0,7,4,0,300,300
1100000000.0,2,1,0,112,112
4600000000.0,3,3,0,162,150
2600000000.0,3,1,0,250,100
2089999999.0,3,3,2,120,120
3100000000.0,3,2,0,317,260
425000000.0,2,1,1,72,72
2500000000.0,4,2,0,201,175
3200000000.0,6,4,0,271,200
3300000000.0,3,3,0,200,170
27000000000.0,9,5,0,680,400
4900000000.0,4,2,2,576,400
11000000000.0,5,2,0,617,617
960000000.0,3,2,0,60,60
1700000000.0,2,2,0,105,96
1500000000.0,2,2,1,55,50
1800000000.0,4,3,0,200,110
1800000000.0,2,2,0,72,70
4700000000.0,3,2,0,440,240
2600000000.0,2,1,0,336,100
2800000000.0,3,2,1,270,264
3000000000.0,4,4,0,224,171
2150000000.0,4,2,0,120,120
1480000000.0,4,3,1,98,74
3900000000.0,4,2,1,262,200
550000000.0,3,2,1,72,55
865000000.0,3,2,1,100,60
580000000.0,2,1,1,50,45
750000000.0,2,2,2,100,70
800000000.0,6,2,0,190,154
2300000000.0,6,3,0,325,150
13500000000.0,1,1,0,900,900
780000000.0,2,1,1,105,56
9000000000.0,1,1,0,360,301
750000000.0,2,1,1,84,84
35000000000.0,4,2,0,827,475
21000000000.0,5,2,4,626,350
3000000000.0,3,3,1,200,160
3280000000.0,2,1,0,438,171
7000000000.0,4,3,1,353,300
6500000000.0,4,3,1,322,287
1370000000.0,3,2,2,127,120
9000000000.0,1,1,0,200,200
650000000.0,3,1,0,96,72
1400000000.0,3,3,1,104,100
9800000000.0,4,4,4,700,412
950000000.0,3,2,1,180,120
8500000000.0,4,4,2,645,470
625000000.0,2,1,1,72,36
3000000000.0,3,2,1,198,145
1700000000.0,3,3,0,198,145
2420000000.0,3,2,2,180,150
5200000000.0,4,3,0,190,170
900000000.0,3,1,1,84,84
750000000.0,3,1,1,90,90
5500000000.0,4,5,2,153,153
5250000000.0,2,1,0,270,130
1580000000.0,3,3,1,90,90
5500000000.0,1,3,0,360,360
650000000.0,3,1,0,96,96
795000000.0,3,2,1,100,65
5000000000.0,3,3,1,360,360
6300000000.0,6,4,2,375,375
750000000.0,2,1,1,72,45
3200000000.0,6,4,0,271,271
2400000000.0,3,2,0,184,143
1100000000.0,7,2,0,90,90
3600000000.0,3,2,0,300,170
4000000000.0,4,2,0,300,250
2000000000.0,2,2,2,147,110
6000000000.0,5,3,0,360,180
2000000000.0,4,3,0,200,200
2600000000.0,4,2,3,236,120
4099999999.0,3,2,0,467,150
2400000000.0,8,4,0,250,250
2700000000.0,5,1,0,318,300
29800000000.0,10,3,0,1658,800
750000000.0,3,2,0,81,81
3800000000.0,3,2,0,382,350
1500000000.0,3,2,0,205,145
2500000000.0,3,4,0,105,105
2600000000.0,2,1,0,250,250
1450000000.0,3,2,0,157,148
3000000000.0,4,2,0,159,159
2200000000.0,5,3,0,160,160
3700000000.0,10,5,0,242,242
38000000000.0,7,5,0,778,600
4250000000.0,3,3,1,250,165
3200000000.0,3,3,2,216,150
3500000000.0,4,3,0,300,265
2000000000.0,4,3,1,200,150
7000000000.0,4,3,0,375,233
3300000000.0,3,2,0,85,85
2500000000.0,2,1,0,135,100
1000000000.0,2,2,2,157,150
3300000000.0,4,4,0,160,160
3900000000.0,5,4,0,264,250
3100000000.0,4,3,0,225,150
42000000000.0,4,4,1,2672,2150
5500000000.0,6,5,0,250,250
2200000000.0,6,2,2,210,180
1350000000.0,3,1,1,220,120
1500000000.0,3,3,1,120,100
18000000000.0,5,3,2,625,440
25000000000.0,4,3,2,790,600
1200000000.0,1,2,1,55,45
1500000000.0,4,2,1,330,300
1100000000.0,2,1,1,90,70
1600000000.0,3,3,1,120,120
8490000000.0,4,3,1,450,450
12500000000.0,3,2,1,400,300
2600000000.0,3,1,1,165,110
1700000000.0,3,2,0,390,256
23000000000.0,4,3,0,928,550
1500000000.0,10,4,0,250,250
15000000000.0,5,3,0,560,390
6500000000.0,1,1,0,500,200
1100000000.0,3,2,0,116,70
9000000000.0,5,5,0,570,480
595000000.0,2,1,1,49,40
1250000000.0,2,2,1,135,100
4500000000.0,3,2,1,325,200
3900000000.0,3,2,1,390,260
600000000.0,2,1,1,72,60
3600000000.0,3,3,1,162,141
1100000000.0,2,1,1,96,56
2780000000.0,4,2,0,244,200
1800000000.0,4,3,0,133,133
9000000000.0,4,3,2,500,400
1100000000.0,3,3,0,67,67
1750000000.0,3,2,0,120,120
625000000.0,2,1,1,90,48
1050000000.0,3,1,1,120,110
1950000000.0,3,1,1,184,140
4250000000.0,3,3,2,240,240
14500000000.0,4,4,2,560,400
35000000.0,2,2,0,72,70
1150000000.0,3,2,1,190,190
1950000000.0,3,1,2,150,120
1500000000.0,3,2,1,128,128
1100000000.0,2,1,1,108,54
700000000.0,2,1,2,100,65
2800000000.0,3,2,0,314,120
950000000.0,2,2,0,105,105
3500000000.0,3,2,3,210,180
6000000000.0,6,4,0,593,440
3200000000.0,3,4,2,140,131
3200000000.0,2,1,0,400,400
6250000000.0,3,2,0,322,223
1200000000.0,3,1,1,120,100
3500000000.0,3,3,0,240,200
350000000.0,2,1,0,60,32
1300000000.0,2,1,0,90,90
2500000000.0,3,2,0,180,160
1500000000.0,3,2,1,205,145
1400000000.0,3,2,0,105,90
725000000.0,2,1,0,100,80
2800000000.0,3,1,0,300,250
1350000000.0,3,2,0,112,112
6500000000.0,7,3,1,388,250
1550000000.0,2,2,1,55,50
1180000000.0,2,1,0,120,120
1500000000.0,3,2,1,200,145
1100000000.0,2,1,0,135,135
950000000.0,2,1,0,72,65
1500000000.0,3,2,0,105,89
24700000000.0,6,4,5,1000,600
1750000000.0,3,2,1,200,145
2600000000.0,3,3,2,150,135
1500000000.0,3,1,0,180,180
2300000000.0,6,3,0,200,180
750000000.0,2,1,0,90,60
520000000.0,2,1,1,50,32
3500000000.0,7,2,1,382,369
800000000.0,2,1,1,84,56
720000000.0,2,2,2,91,65
2200000000.0,3,2,1,200,180
3700000000.0,4,3,2,437,270
1300000000.0,2,1,0,144,70
899000000.0,2,1,1,84,63
3700000000.0,4,3,0,240,200
798000000.0,2,2,1,50,48
3200000000.0,3,2,0,140,131
9500000000.0,2,2,0,673,100
2300000000.0,3,3,1,240,240
970000000.0,3,2,1,80,80
1050000000.0,3,2,1,90,72
1040000000.0,3,2,1,104,88
3950000000.0,4,3,0,236,233
650000000.0,2,1,1,120,96
1050000000.0,6,2,1,105,105
5500000000.0,4,3,2,375,285
2300000000.0,4,3,2,360,360
19500000000.0,8,5,2,619,302
2200000000.0,3,2,0,98,84
3900000000.0,4,2,1,300,177
1450000000.0,2,2,2,72,70
1350000000.0,3,3,1,122,122
1800000000.0,3,2,1,200,136
6950000000.0,4,3,2,598,350
4500000000.0,3,2,2,240,172
1700000000.0,3,3,1,267,230
7000000000.0,4,2,0,375,225
3300000000.0,4,4,0,206,180
5500000000.0,6,4,0,509,450
850000000.0,2,1,1,120,90
4120000000.0,3,2,0,564,300
552000000.0,2,1,1,121,60
110000000000.0,6,4,0,1384,426
600000000.0,2,1,0,80,48
13500000000.0,2,2,0,900,900
1200000000.0,1,1,0,104,90
890000000.0,2,2,0,80,80
14700000000.0,5,3,5,340,260
2450000000.0,3,2,1,162,150
13000000000.0,3,2,1,450,250
1250000000.0,2,1,0,85,85
2700000000.0,6,6,5,200,200
6990000000.0,4,3,1,426,300
1700000000.0,2,1,1,180,116
3500000000.0,4,3,2,135,135
1800000000.0,3,2,1,120,100
695000000.0,3,1,2,90,55
6000000000.0,4,4,1,276,200
950000000.0,5,2,3,300,200
8500000000.0,5,4,2,450,450
2450000000.0,4,3,1,180,150
749000000.0,3,1,0,100,60
500000000.0,2,2,1,36,27
3500000000.0,4,2,1,180,150
2600000000.0,3,3,1,150,135
1600000000.0,2,1,1,105,70
2000000000.0,2,2,2,112,90
490000000.0,2,1,1,72,30
1500000000.0,4,3,2,220,150
2800000000.0,4,3,0,180,150
2000000000.0,3,2,2,102,70
300000000.0,2,1,1,24,19
500000000.0,2,1,0,40,35
1400000000.0,3,2,5,390,256
1800000000.0,4,3,1,200,136
3250000000.0,3,2,0,119,119
1400000000.0,3,2,1,70,70
6500000000.0,6,3,2,462,312
390000000.0,1,1,1,27,21
550000000.0,2,1,0,28,28
900000000.0,3,2,1,100,65
620000000.0,2,1,0,50,30
499000000.0,3,1,1,100,50
1800000000.0,3,2,0,200,136
825000000.0,2,1,1,120,45
2700000000.0,6,6,2,200,200
1800000000.0,3,1,1,200,136
55400000000.0,2,2,3,1047,280
11500000000.0,3,2,2,412,210
2350000000.0,4,4,1,245,150
2700000000.0,3,3,2,168,150
499000000.0,2,1,1,100,50
8500000000.0,4,3,1,349,213
3600000000.0,3,3,1,153,100
7000000000.0,3,2,0,358,358
7500000000.0,4,2,0,272,272
1800000000.0,3,3,2,119,110
4760000000.0,4,4,2,201,200
7170000000.0,5,4,2,312,300
1150000000.0,3,2,1,220,150
3000000000.0,4,2,1,216,180
7750000000.0,4,3,1,570,305
5000000000.0,3,2,2,230,150
1150000000.0,3,2,2,220,150
1250000000.0,2,1,1,90,40
4500000000.0,3,2,2,298,250
850000000.0,2,2,1,90,60
1500000000.0,3,1,1,126,90
2000000000.0,3,2,1,102,80
1800000000.0,5,4,2,119,119
1800000000.0,3,1,1,119,119
6500000000.0,4,2,1,462,312
2000000000.0,2,2,2,102,102
2000000000.0,3,2,1,91,80
2800000000.0,7,2,1,240,240
1380000000.0,2,1,0,200,100
827000000.0,2,1,1,104,60
554000000.0,2,1,1,84,45
1690000000.0,2,1,1,240,160
2000000000.0,4,3,1,220,200
623000000.0,3,1,1,180,100
4550000000.0,4,2,2,375,276
780000000.0,2,1,1,72,36
950000000.0,2,1,0,84,56
850000000.0,5,4,1,105,105
7900000000.0,3,2,0,450,370
1300000000.0,3,2,1,105,100
45000000000.0,5,7,2,900,850
19500000000.0,4,5,4,746,599
625000000.0,2,1,0,100,50
1150000000.0,3,2,1,120,100
5300000000.0,4,3,1,842,542
790000000.0,2,1,1,72,50
1670000000.0,4,2,0,190,120
499000000.0,3,1,1,90,50
7500000000.0,3,3,2,460,450
32000000000.0,6,5,0,1225,500
7700000000.0,2,2,1,400,185
21000000000.0,5,2,2,626,300
7500000000.0,5,3,1,383,256
14000000000.0,4,3,2,428,400
3500000000.0,4,3,1,240,168
32000000000.0,5,2,6,685,250
3000000000.0,3,2,1,150,150
2600000000.0,6,3,2,330,115
2600000000.0,6,3,1,330,115
950000000.0,3,2,1,120,65
749000000.0,3,1,1,100,60
3000000000.0,3,4,0,144,140
5900000000.0,4,3,4,302,240
2200000000.0,3,2,0,144,128
1300000000.0,2,2,0,126,126
2600000000.0,4,3,2,281,274
1700000000.0,2,2,1,90,85
3000000000.0,3,2,2,162,150
5500000000.0,5,3,1,431,350
1200000000.0,2,2,0,96,90
1300000000.0,2,2,0,126,120
3500000000.0,3,3,2,160,160
6600000000.0,6,5,1,291,291
1250000000.0,2,1,1,220,200
1200000000.0,3,1,1,117,90
1100000000.0,2,2,1,60,58
1400000000.0,2,1,1,105,54
1300000000.0,2,1,1,90,60
1990000000.0,3,2,0,247,175
1000000000.0,2,1,1,96,70
1800000000.0,3,1,1,200,150
850000000.0,2,2,1,85,45
730000000.0,2,1,1,72,45
1950000000.0,5,1,2,160,130
1700000000.0,3,2,1,200,150
1600000000.0,3,1,1,216,150
950000000.0,2,2,1,110,80
4800000000.0,4,2,2,525,325
1200000000.0,4,1,1,248,200
680000000.0,2,1,1,60,30
1000000000.0,2,2,1,97,80
750000000.0,2,1,1,100,90
750000000.0,2,1,0,100,75
8500000000.0,1,1,1,624,200
1300000000.0,4,2,1,150,140
1000000000.0,4,2,1,90,90
1300000000.0,4,2,2,150,140
925000000.0,2,1,1,78,75
1500000000.0,3,2,1,201,150
800000000.0,2,1,2,100,60
750000000.0,2,1,1,100,75
850000000.0,2,1,1,85,45
1060000000.0,3,2,1,70,70
1500000000.0,2,1,1,208,90
1800000000.0,3,1,1,180,130
1970000000.0,6,2,1,288,160
2600000000.0,4,1,1,336,250
2800000000.0,4,4,2,260,150
850000000.0,2,1,1,78,48
1390000000.0,3,2,1,120,75
975000000.0,2,2,1,112,75
1500000000.0,3,1,1,120,120
1200000000.0,2,1,1,120,80
900000000.0,2,1,2,84,54
1250000000.0,3,1,1,180,120
4900000000.0,4,2,2,319,205
1200000000.0,3,2,1,112,85
1500000000.0,3,2,1,176,140
7900000000.0,4,2,2,336,257
2600000000.0,3,5,1,240,240
1100000000.0,2,2,1,150,100
1500000000.0,3,2,1,120,100
2400000000.0,4,3,3,320,205
2300000000.0,4,2,2,325,172
9000000000.0,6,5,2,375,75
5770000000.0,2,1,0,375,276
1450000000.0,3,2,1,100,75
1710000000.0,2,1,0,488,300
1010000000.0,2,1,0,141,90
700000000.0,2,1,0,121,60
699000000.0,3,2,1,72,55
677000000.0,2,1,0,84,45
790000000.0,2,1,0,180,100
1100000000.0,2,1,0,96,96
3120000000.0,2,1,0,275,180
2370000000.0,2,1,0,162,90
2370000000.0,1,1,0,162,90
6050000000.0,2,1,0,670,670
33299999999.0,2,1,0,3202,1000
5900000000.0,3,2,2,300,200
4500000000.0,3,2,0,440,240
850000000.0,2,1,1,84,84
2200000000.0,3,1,0,200,150
2400000000.0,3,2,0,180,100
1670000000.0,3,3,0,147,82
1800000000.0,4,2,0,180,170
875000000.0,2,1,0,84,54
800000000.0,3,2,0,100,75
2500000000.0,3,2,1,150,120
1700000000.0,6,3,1,180,180
1300000000.0,4,2,0,135,120
900000000.0,2,1,0,90,70
875000000.0,3,3,0,100,90
2000000000.0,3,2,1,157,157
1500000000.0,2,2,1,91,54
4900000000.0,3,2,0,360,180
3000000000.0,4,2,0,200,200
26000000000.0,6,3,2,530,500
850000000.0,3,1,0,84,81
20000000000.0,4,3,0,670,250
775000000.0,2,1,1,105,56
2500000000.0,4,2,0,333,300
550000000.0,2,1,0,72,54
1600000000.0,3,1,1,200,130
335000000.0,2,1,1,24,19
650000000.0,2,2,1,47,40
2000000000.0,2,2,1,102,80
1150000000.0,3,2,1,97,90
795000000.0,3,2,1,62,60
3000000000.0,3,2,1,135,106
18500000000.0,6,5,4,1016,1000
4500000000.0,5,4,1,366,245
4000000000.0,3,2,1,220,188
3250000000.0,3,2,1,148,130
2300000000.0,4,3,1,200,200
100000000000.0,6,6,0,2042,1800
11500000000.0,2,2,1,563,300
3150000000.0,2,2,3,700,700
1620000000.0,3,2,1,144,100
25000000000.0,5,5,0,1009,792
1650000000.0,3,2,0,100,90
1250000000.0,3,1,0,148,125
1500000000.0,3,3,2,174,130
2260000000.0,2,1,0,275,180
3000000000.0,3,2,1,252,180
1200000000.0,2,1,1,105,59
16500000000.0,2,1,0,544,320
1600000000.0,2,1,0,360,240
1450000000.0,2,1,0,194,96
1020000000.0,3,2,0,72,60
2600000000.0,1,1,0,225,152
283000000.0,2,1,0,90,60
380000000.0,2,1,0,95,60
508000000.0,2,1,0,84,45
662000000.0,2,1,0,126,100
753000000.0,2,1,0,141,90
691000000.0,2,1,0,91,45
7220000000.0,2,1,0,375,360
7220000000.0,3,2,0,375,360
758000000.0,2,1,0,104,60
8109999999.0,2,1,0,985,300
1270000000.0,2,1,0,200,100
506000000.0,2,1,0,121,60
1540000000.0,2,1,0,193,60
4170000000.0,2,1,0,375,276
715000000.0,2,1,0,72,36
890000000.0,3,2,0,80,80
1790000000.0,2,1,0,162,90
2500000000.0,4,3,2,260,140
11000000000.0,4,3,2,412,341
11500000000.0,4,3,4,688,688
12800000000.0,5,6,2,420,400
2500000000.0,3,2,2,240,200
3000000000.0,3,3,1,144,140
1400000000.0,2,1,0,104,56
2700000000.0,3,2,0,165,160
2900000000.0,4,2,0,209,131
14500000000.0,3,3,0,428,400
950000000.0,1,1,1,60,55
2500000000.0,3,2,1,200,124
3600000000.0,3,2,1,360,100
1100000000.0,3,2,1,84,80
